,epoch,acc,loss,lr,val_acc,val_loss
0,0,0.8475888324873097,74.53370186278056,0.0001,0.8020304561266439,74.44146950813719
1,1,0.8362944162436549,74.19613150194817,0.0001,0.8355329946818085,74.01824493408203
2,2,0.8544416243654822,73.80185609614182,0.0001,0.8426395936665801,73.63054751478477
3,3,0.8550761421319797,73.44963328559992,0.0001,0.7979695438733561,73.44346354528128
4,4,0.8590101522842639,73.0974460117708,0.0001,0.8487309637408571,72.93032710661137
5,5,0.8630710659898477,72.7343707709143,0.0001,0.8436548226375871,72.60879973590676
6,6,0.8539340101522843,72.40985877332349,0.0001,0.8710659896661788,72.17757261634479
7,7,0.8703045685279188,72.03642935970713,0.0001,0.8548223343597451,71.88242979098092
8,8,0.8728426395939086,71.68926534894759,0.0001,0.8715736043634753,71.49156855859125
9,9,0.8776649746192894,71.33418349832448,0.0001,0.8736040602480699,71.15879367111903
10,10,0.8734771573604061,71.01480664093481,0.0001,0.8741116744612679,70.80792192952887
11,11,0.8798223350253808,70.65385201546141,0.0001,0.8837563445120293,70.4605144675008
12,12,0.8823604060913706,70.31516427751725,0.0001,0.8878172587017117,70.13964039758983
13,13,0.8767766497461928,69.9961598817467,0.0001,0.8624365485259119,69.85237203685159
14,14,0.8813451776649747,69.66712552762878,0.0001,0.8827411166302443,69.47162671549066
15,15,0.8828680203045686,69.3284122447677,0.0001,0.8822335023565341,69.16368002334828
16,16,0.8822335025380711,69.00226827708597,0.0001,0.890355329283603,68.81453309809496
17,17,0.8941624365482234,68.65075334268172,0.0001,0.8664974612027858,68.54914467903563
18,18,0.8946700507614214,68.33808987999929,0.0001,0.8817258876592374,68.18699385744667
19,19,0.8931472081218275,68.01712443550225,0.0001,0.9000000003630739,67.8337934000238
20,20,0.8980964467005076,67.69535572807196,0.0001,0.8558375627256287,67.62726848621661
21,21,0.8936548223350254,67.38096076461868,0.0001,0.8284263952129384,67.42539944721358
22,22,0.8984771573604061,67.06692066483086,0.0001,0.8776649739536537,66.9326260406959
23,23,0.8954314720812183,66.75667094893868,0.0001,0.9050761420109549,66.56845502514524
24,24,0.901522842639594,66.42764403057582,0.0001,0.8888324876727186,66.29224580096714
25,25,0.9059644670050762,66.12152942328284,0.0001,0.8898477150704049,65.99117247295864
26,26,0.9053299492385788,65.81041691968889,0.0001,0.8873096450331247,65.67619907747066
27,27,0.9078680203045684,65.49758316272407,0.0001,0.8670050759605951,65.44248862484386
28,28,0.9064720812182742,65.20251852122661,0.0001,0.9035532998554596,65.04862667800207
29,29,0.9057106598984772,64.89849498768143,0.0001,0.8999999993343644,64.76417697190028
30,30,0.9101522842639594,64.59580182690307,0.0001,0.889340100857207,64.47186929925444
31,31,0.9138324873096448,64.29558058608002,0.0001,0.8989847714525794,64.16774838830007
32,32,0.918020304568528,63.985623300620134,0.0001,0.8893401018254042,63.9246988906473
33,33,0.9058375634517768,63.72661419398894,0.0001,0.8416243652401841,63.77225003702386
34,34,0.9082487309644671,63.4221524040106,0.0001,0.8969543150838861,63.284786813029186
35,35,0.9086294416243654,63.13155877360232,0.0001,0.8934010145627908,63.00598142594856
36,36,0.9133248730964468,62.82883356936692,0.0001,0.8507614210777477,62.863536819225644
37,37,0.908502538071066,62.55615274652007,0.0001,0.9065989846505488,62.39196300603412
38,38,0.916751269035533,62.254201921956785,0.0001,0.8807106592328415,62.17662729563447
39,39,0.9220812182741116,61.962534614989,0.0001,0.8898477155545036,61.874403497531326
40,40,0.9200507614213198,61.68589412088927,0.0001,0.8999999993343644,61.566790206057156
41,41,0.9233502538071066,61.386826119205075,0.0001,0.8959390866574902,61.296087723940154
42,42,0.916497461928934,61.13067573121357,0.0001,0.8918781729519064,61.0399471650874
43,43,0.9201776649746192,60.838588253737704,0.0001,0.8959390861128792,60.75287831107977
44,44,0.9238578680203046,60.549407687889136,0.0001,0.9045685282818556,60.4566368219211
45,45,0.9281725888324872,60.27783249598469,0.0001,0.9045685277977572,60.19651689868288
46,46,0.9210659898477156,60.01909642485798,0.0001,0.8878172592463227,59.970754183851525
47,47,0.922969543147208,59.74767291461151,0.0001,0.911167512085232,59.61549241893788
48,48,0.9303299492385788,59.45890646610164,0.0001,0.92131979683329,59.33844583191848
49,49,0.9289340101522844,59.1951658026216,0.0001,0.9121827415403376,59.082114321326245
50,50,0.9258883248730964,58.93189809963788,0.0001,0.9000000003630739,58.8442608828472
51,51,0.9243654822335026,58.67491524013771,0.0001,0.9192893394963996,58.554570499168435
52,52,0.9302030456852792,58.3940684129744,0.0001,0.921827411591099,58.28192917877042
53,53,0.9338832487309644,58.12687721446081,0.0001,0.8979695424815725,58.08095752309421
54,54,0.932233502538071,57.8652610972448,0.0001,0.8939086287759888,57.83392640709271
55,55,0.9288071065989848,57.61576088067844,0.0001,0.9065989846505488,57.520677796959276
56,56,0.9310913705583757,57.35415182355697,0.0001,0.9223350247755874,57.23710631162382
57,57,0.9359137055837564,57.090634507697246,0.0001,0.9137055841194192,57.0133923758105
58,58,0.940989847715736,53.41389961823594,0.0001,0.9116751267825286,53.34024158613331
59,59,0.9423857868020304,53.17536925882253,0.0001,0.9121827404511156,53.12779112685151
60,60,0.935532994923858,52.96083911179286,0.0001,0.9253807105388738,52.866160866209704
61,61,0.9431472081218274,52.71474939336632,0.0001,0.8395939089320033,52.83759425594117
62,62,0.9333756345177664,52.50594123414325,0.0001,0.8994923860893637,52.49096695565935
63,63,0.9451776649746192,52.25067628966976,0.0001,0.9203045679227956,52.184036967476
64,64,0.9473350253807108,52.0229171288195,0.0001,0.8736040602480699,52.122533467094314
65,65,0.9437817258883248,51.79928980793446,0.0001,0.9223350247755874,51.735538366482345
66,66,0.9442893401015228,51.569839028295526,0.0001,0.9294416242444576,51.491721862947884
67,67,0.9467005076142132,51.34003704477688,0.0001,0.9015228424580568,51.33172478070719
68,68,0.9449238578680204,51.125318924182565,0.0001,0.8888324871281077,51.14968686563714
69,69,0.9474619289340102,50.908583084338815,0.0001,0.9192893404645968,50.851317716492005
70,70,0.9450507614213198,50.68448336063908,0.0001,0.9131979688775116,50.65860781597002
71,71,0.9487309644670052,50.455717867159,0.0001,0.9319796948263488,50.385583221125714
72,72,0.9449238578680204,50.24772233914603,0.0001,0.8954314718996813,50.27549287437788
73,73,0.9411167512690356,50.04958721102796,0.0001,0.929949238518168,49.97077719596437
74,74,0.9468274111675128,49.81262186505468,0.0001,0.9294416237603588,49.737865273722534
75,75,0.9501269035532997,49.59239368341901,0.0001,0.9253807105388738,49.5392941276434
76,76,0.9445431472081218,49.394981283584826,0.0001,0.9131979693616102,49.36353609114129
77,77,0.9482233502538072,49.1725459800759,0.0001,0.9081218272901428,49.161375853252885
78,78,0.9508883248730964,48.96049191624985,0.0001,0.9106598978115216,48.947894879646114
79,79,0.9474619289340102,48.753090311428004,0.0001,0.9121827409957266,48.72289501519373
80,80,0.9453045685279188,48.54548356884022,0.0001,0.9329949237973556,48.49098647064364
81,81,0.9501269035532997,48.333089528350065,0.0001,0.913705583574808,48.32623781310726
82,82,0.9474619289340102,48.134000121760494,0.0001,0.8934010151074018,48.16095404455504
83,83,0.9473350253807108,47.932516758332994,0.0001,0.9304568526708537,47.860667132847205
84,84,0.9545685279187818,47.711990251879996,0.0001,0.9284263958180616,47.66765001945689
85,85,0.9534263959390864,47.510819364441225,0.0001,0.9223350247755874,47.47438620940078
86,86,0.9464467005076144,47.322362417618024,0.0001,0.9035532993713612,47.32559854730132
87,87,0.9529187817258884,47.10756364231787,0.0001,0.9299492384576556,47.072443080069455
88,88,0.9458121827411168,46.920700642542194,0.0001,0.9324873090395468,46.85447938405922
89,89,0.9496192893401016,46.72224854987286,0.0001,0.9355329943187346,46.661982816124926
90,90,0.9516497461928934,46.52034199128902,0.0001,0.9289340105153584,46.48222890166462
91,91,0.95,46.32601515097061,0.0001,0.9269035526943692,46.296846360724594
92,92,0.950253807106599,46.129009909073105,0.0001,0.928934010091772,46.08360735510811
93,93,0.9534263959390864,45.92886809528175,0.0001,0.9304568532154645,45.896713485330494
94,94,0.948984771573604,45.743275521370364,0.0001,0.9345177658923386,45.68233002406087
95,95,0.9482233502538072,45.555799370005644,0.0001,0.9284263958785741,45.496478042989814
96,96,0.9549492385786802,45.3510382211753,0.0001,0.9263959394493684,45.31781461686652
97,97,0.9538071065989848,45.163076425929965,0.0001,0.9335025384946524,45.125144098736904
98,98,0.9558375634517766,44.96789762235536,0.0001,0.9335025374659428,44.922163398858864
99,99,0.958502538071066,44.77627929455132,0.0001,0.9365482227451304,44.73199239817972
100,100,0.9554568527918782,44.59606807728104,0.0001,0.9274111673916656,44.56291200666863
101,101,0.9484771573604059,44.4266591609432,0.0001,0.9390862943557312,44.357876532695016
102,102,0.9548223350253808,44.22449046101062,0.0001,0.9238578683833786,44.21079770393178
103,103,0.9619289340101524,44.02928536507079,0.0001,0.9324873090395468,43.995682595344974
104,104,0.9586294416243656,43.84704759084635,0.0001,0.9355329943792468,43.81591956046632
105,105,0.9563451776649746,43.6721901443404,0.0001,0.8934010155309879,43.74930860645275
106,106,0.9560913705583756,43.48974853360713,0.0001,0.9375634517161374,43.45048619381667
107,107,0.95,43.32681565647803,0.0001,0.9248730963256758,43.292166563702104
108,108,0.9553299492385788,43.13566647834584,0.0001,0.9269035531784676,43.1053366220542
109,109,0.9568527918781726,42.956159632339094,0.0001,0.9233502541701806,42.941861964966435
110,110,0.9536802030456852,42.79099030857764,0.0001,0.9269035526943692,42.75766723168078
111,111,0.951015228426396,42.60874669031443,0.0001,0.920304568406894,42.60390701293945
112,112,0.9512690355329948,42.43116282351731,0.0001,0.9248730968702868,42.42087065023819
113,113,0.9576142131979696,42.25010863947989,0.0001,0.9284263958180616,42.226759466180944
114,114,0.956472081218274,42.07843071022615,0.0001,0.9182741115541022,42.0912072777143
115,115,0.95520306,41.909713690898144,0.0001,0.9406091570854188,41.86438944860159
116,116,0.9591371,41.726338943249075,0.0001,0.92436546087265,41.72308375557062
117,117,0.9568528000000001,41.56214232856247,0.0001,0.9375634789466858,41.526479951500285
118,118,0.95786804,41.38750477127618,0.0001,0.9274111390113832,41.382320756476545
119,119,0.9574872999999999,41.22561927446859,0.0001,0.9192893505096436,41.25913697838178
120,120,0.9588832,41.05211194808108,0.0001,0.8994923830032349,41.11765537939701
121,121,0.95824873,40.88601592010653,0.0001,0.8994923830032349,40.9803117471298
122,122,0.96218276,40.71340291754243,0.0001,0.9203045964241028,40.733626184608724
123,123,0.95076144,40.56545230071557,0.0001,0.8776649832725525,40.71594290563903
124,124,0.9543146999999998,40.39794252269764,0.0001,0.9335025548934937,40.3705191132986
125,125,0.9573603999999999,40.228872711646375,0.0001,0.9152284264564514,40.25761142091703
126,126,0.9587563,40.06471334157256,0.0001,0.934517741203308,40.04494360134687
127,127,0.9576142,39.89944528492574,0.0001,0.9187816977500916,39.90816612824571
128,128,0.95329946,39.74335034752861,0.0001,0.9233502745628356,39.757902948989475
129,129,0.9450508,39.60505637928919,0.0001,0.9375634789466858,39.550352749122574
130,130,0.96294415,39.41162435851121,0.0001,0.9360405802726746,39.386770997797775
131,131,0.9590101000000001,39.2578923530385,0.0001,0.9304568767547609,39.247877254582896
132,132,0.95545685,39.11403423638513,0.0001,0.8878172636032104,39.21050805028925
133,133,0.96294415,38.93859608064448,0.0001,0.9294416308403016,38.94486544458999
134,134,0.9595178,38.78327790855757,0.0001,0.9162436723709106,38.82203032982531
135,135,0.960533,38.62484019710328,0.0001,0.9269035458564758,38.62893064082576
136,136,0.96243656,38.46757050335104,0.0001,0.9289340376853944,38.479443591742346
137,137,0.95812184,38.32272332670725,0.0001,0.9203045964241028,38.352536754317704
138,138,0.9571065999999999,38.1785310464462,0.0001,0.9258882999420166,38.16801560687535
139,139,0.96307105,38.006191187824705,0.0001,0.92081218957901,38.058362652928686
140,140,0.9597716000000001,37.86067972328457,0.0001,0.9370558261871338,37.839284790348884
141,141,0.96510154,37.70113771312732,0.0001,0.930964469909668,37.69962554776729
142,142,0.96522844,37.548943673535646,0.0001,0.9162436723709106,37.586769502901184
143,143,0.9616751,37.408928246667536,0.0001,0.9253807067871094,37.409350148312335
144,144,0.964467,37.25811470147922,0.0001,0.9218274354934692,37.30718980198584
145,145,0.9611675,37.11368142917072,0.0001,0.9421319961547852,37.095086515010316
146,146,0.96294415,36.96526386241622,0.0001,0.941116750240326,36.94386528905879
147,147,0.9597716000000001,36.82298238531587,0.0001,0.9121827483177184,36.86837687613395
148,148,0.95824873,36.679430958704295,0.0001,0.9314720630645752,36.67574749864298
149,149,0.9640863000000002,36.524045307140064,0.0001,0.9101522564888,36.58758525170651
150,150,0.96015227,36.387057979215825,0.0001,0.9152284264564514,36.43435370740551
151,151,0.96294415,36.236655948851926,0.0001,0.9294416308403016,36.243841707645934
152,152,0.96256346,36.09873640960849,0.0001,0.9294416308403016,36.11275397750932
153,153,0.96941626,35.94556347222497,0.0001,0.8573604226112366,36.22014972667404
154,154,0.95571065,35.8282645908104,0.0001,0.9218274354934692,35.835206859607986
155,155,0.96256346,35.67494485922877,0.0001,0.9355329871177672,35.669304664727996
156,156,0.9609136999999999,35.53646962896821,0.0001,0.93502539396286,35.527821497263645
157,157,0.9616751,35.39406384695605,0.0001,0.9304568767547609,35.410161296244205
158,158,0.9666244,35.24676436216093,0.0001,0.9340101480484008,35.25377354500863
159,159,0.9662437,35.11264327383284,0.0001,0.93502539396286,35.11161782124321
160,160,0.96205586,34.97670575834168,0.0001,0.9162436723709106,35.029321316172016
161,161,0.96015227,34.85519448682136,0.0001,0.9314720630645752,34.84592540373052
162,162,0.9616751,34.707736934139035,0.0001,0.9324873089790344,34.72076164671612
163,163,0.961802,34.577413165871874,0.0001,0.9329949021339417,34.58578148856381
164,164,0.9642132,34.434768874270056,0.0001,0.9365482330322266,34.43140249494369
165,165,0.96307105,34.303525214025825,0.0001,0.9335025548934937,34.31727790251601
166,166,0.96560913,34.165878605721566,0.0001,0.9294416308403016,34.178486854049765
167,167,0.964467,34.03547461262814,0.0001,0.9177665114402772,34.10438345120038
168,168,0.9647208,33.90119293909993,0.0001,0.9228426218032836,33.950360564410985
169,169,0.9576142,33.792775885102714,0.0001,0.9365482330322266,33.77398127831784
170,170,0.96205586,33.64445960340161,0.0001,0.9071065783500672,33.72117832396841
171,171,0.96243656,33.51915265001016,0.0001,0.9390863180160522,33.50879571207889
172,172,0.96560913,33.383147686023996,0.0001,0.9360405802726746,33.391170555928035
173,173,0.9642132,33.25611714009706,0.0001,0.9335025548934937,33.272762774937036
174,174,0.96332484,33.13028358033465,0.0001,0.93502539396286,33.132008783950425
175,175,0.96738577,32.99980534200136,0.0001,0.9406091570854188,32.99557895563581
176,176,0.9666244,32.86858225401283,0.0001,0.9329949021339417,32.900055706198444
177,177,0.96928936,32.7388558867014,0.0001,0.9385786652565002,32.756137464494266
178,178,0.96218276,32.6253891688313,0.0001,0.9289340376853944,32.646399568664236
179,179,0.96928936,32.487190060688164,0.0001,0.9233502745628356,32.5355201527552
180,180,0.9634518,32.37436002160087,0.0001,0.9335025548934937,32.387502087433326
181,181,0.96763957,32.245188745024244,0.0001,0.9233502745628356,32.282374657955266
182,182,0.96319795,32.12798978737768,0.0001,0.9253807067871094,32.168702473132136
183,183,0.96954316,31.996047171965472,0.0001,0.9055837392807008,32.09265928704121
184,184,0.96243656,31.889653944606103,0.0001,0.9269035458564758,31.92013060284145
185,185,0.9709390999999999,31.754826260097136,0.0001,0.9294416308403016,31.781470111905016
186,186,0.9588832,31.650428864919597,0.0001,0.9213197827339172,31.702225012222524
187,187,0.95050764,31.552142668980636,0.0001,0.93502539396286,31.54224458684776
188,188,0.9634518,31.40783146698463,0.0001,0.92436546087265,31.443960604207767
189,189,0.9659898000000001,31.279495791130262,0.0001,0.9263959527015686,31.32288952551517
190,190,0.9659898000000001,31.162876260825218,0.0001,0.9299492239952089,31.196759559902443
191,191,0.9664975,31.0449879041178,0.0001,0.9258882999420166,31.090340696615616
192,192,0.96510154,30.92631965095017,0.0001,0.9147208333015442,30.995064728635217
193,193,0.96294415,30.821720460223666,0.0001,0.9319797158241272,30.827083949752264
194,194,0.9642132,30.692765868133698,0.0001,0.9233502745628356,30.754589923142177
195,195,0.96522844,30.582238426789413,0.0001,0.944670021533966,30.58568342373456
196,196,0.9663706,30.462912585650606,0.0001,0.93502539396286,30.488555774591898
197,197,0.96992385,30.34400717643312,0.0001,0.93502539396286,30.37286007876323
198,198,0.9678934000000001,30.23402618369475,0.0001,0.9365482330322266,30.251555846548317
199,199,0.96256346,30.129044800966525,0.0001,0.9360405802726746,30.13638505112701
200,200,0.9663706,30.01105671025775,0.0001,0.9319797158241272,30.03422512306175
201,201,0.97005075,29.894921642632646,0.0001,0.9319797158241272,29.926964886660503
202,202,0.9614212999999999,29.79473119435577,0.0001,0.9299492239952089,29.826999422257323
203,203,0.96281725,29.685189685724712,0.0001,0.93502539396286,29.69405795257104
204,204,0.96027917,29.578722261535333,0.0001,0.9390863180160522,29.57387438159304
205,205,0.9677665000000001,29.455118030218912,0.0001,0.938071072101593,29.488631514728368
206,206,0.9668781999999999,29.344426725358527,0.0001,0.9370558261871338,29.36531237490891
207,207,0.9678934000000001,29.23434383566609,0.0001,0.9152284264564514,29.313770108295568
208,208,0.95520306,29.158133184365212,0.0001,0.9294416308403016,29.17274341486432
209,209,0.9670051,29.01901147329263,0.0001,0.9370558261871338,29.03556812112101
210,210,0.9586294,28.92806341684409,0.0001,0.9060913920402528,29.048608770225247
211,211,0.9661166999999999,28.811162822742748,0.0001,0.9324873089790344,28.83646395726857
212,212,0.9744924,28.688161757028645,0.0001,0.941116750240326,28.71235882909165
213,213,0.9705584,28.58939342014681,0.0001,0.9365482330322266,28.623480193627067
214,214,0.96992385,28.48014504873208,0.0001,0.9299492239952089,28.532755120756658
215,215,0.9678934000000001,28.38366661459057,0.0001,0.938071072101593,28.422857724107466
216,216,0.97017765,28.274914796703357,0.0001,0.930964469909668,28.33384392443043
217,217,0.9681472,28.172536023135113,0.0001,0.9289340376853944,28.225191453265662
218,218,0.9642132,28.07661902142055,0.0001,0.9355329871177672,28.096366717730678
219,219,0.9711929,27.9599199633913,0.0001,0.9314720630645752,28.017646872815746
220,220,0.9708121999999999,27.858888744218696,0.0001,0.9294416308403016,27.917543641685835
221,221,0.9678934000000001,27.763219467395448,0.0001,0.9416243433952332,27.78472371367633
222,222,0.9687816999999999,27.655815174857977,0.0001,0.930964469909668,27.704396883969377
223,223,0.9681472,27.55910386603496,0.0001,0.92436546087265,27.627887036473613
224,224,0.96954316,27.45676488731113,0.0001,0.9289340376853944,27.519321371940194
225,225,0.9714466999999999,27.35601388766681,0.0001,0.9395939111709596,27.37972588902198
226,226,0.9686548,27.263734982098423,0.0001,0.9172588586807252,27.354022030903
227,227,0.9606599,27.18245460974989,0.0001,0.9340101480484008,27.19541308795135
228,228,0.96928936,27.05596562109623,0.0001,0.9096446633338928,27.183338066527075
229,229,0.961802,26.978402636377943,0.0001,0.9218274354934692,27.03968955102911
230,230,0.96916246,26.8680722696527,0.0001,0.9375634789466858,26.89652277757673
231,231,0.96941626,26.76698332462214,0.0001,0.9365482330322266,26.813428702572274
232,232,0.97043145,26.671827509923634,0.0001,0.938071072101593,26.71014330132964
233,233,0.9714466999999999,26.57280822598995,0.0001,0.9304568767547609,26.631897876952504
234,234,0.9668781999999999,26.48401002060944,0.0001,0.934517741203308,26.523618471561953
235,235,0.96928936,26.382505730566034,0.0001,0.938071072101593,26.429960477412656
236,236,0.9706853000000001,26.2845890761632,0.0001,0.9223350286483764,26.36438372849208
237,237,0.9672589,26.196294445676852,0.0001,0.8913705348968506,26.358928777239647
238,238,0.96763957,26.1022779687407,0.0001,0.92436546087265,26.17926615603684
239,239,0.96763957,26.009287908718672,0.0001,0.9304568767547609,26.05107729180815
240,240,0.9667513000000001,25.926884417848534,0.0001,0.9233502745628356,25.982253844362827
241,241,0.96954316,25.821085390584727,0.0001,0.9329949021339417,25.85590318205393
242,242,0.9672589,25.72993320910459,0.0001,0.9269035458564758,25.793814667832432
243,243,0.9661166999999999,25.64618985713436,0.0001,0.9375634789466858,25.66643953855873
244,244,0.9706853000000001,25.53607877741005,0.0001,0.9370558261871338,25.589582727887308
245,245,0.96992385,25.452495851855588,0.0001,0.9304568767547609,25.50791883517038
246,246,0.9706853000000001,25.357354000498194,0.0001,0.9172588586807252,25.459477706366986
247,247,0.9606599,25.295729262453648,0.0001,0.9172588586807252,25.354440590330796
248,248,0.97017765,25.182310600087124,0.0001,0.9360405802726746,25.21995075632473
249,249,0.96954316,25.087339838870285,0.0001,0.92081218957901,25.17613170062225
250,250,0.9709390999999999,24.996543059373263,0.0001,0.9314720630645752,25.06559609350214
251,251,0.96751267,24.915786526287874,0.0001,0.9253807067871094,24.988573955400337
252,252,0.9685279,24.829836888966828,0.0001,0.9060913920402528,24.95034662237023
253,253,0.97017765,24.73551910322935,0.0001,0.924873113632202,24.81684496729507
254,254,0.9689085999999999,24.64990792637549,0.0001,0.9258882999420166,24.714103867196798
255,255,0.9666244,24.5682385497892,0.0001,0.9233502745628356,24.64502721679997
256,256,0.97271574,24.47301684926609,0.0001,0.9401015043258668,24.525682135644907
257,257,0.9680203000000002,24.390047079173442,0.0001,0.9253807067871094,24.45307071511516
258,258,0.9705584,24.30296789837368,0.0001,0.9223350286483764,24.398807229366398
259,259,0.971066,24.216691364733702,0.0001,0.9360405802726746,24.261570375703922
260,260,0.9714466999999999,24.135150489226213,0.0001,0.9253807067871094,24.20133007843482
261,261,0.9662437,24.05671726943273,0.0001,0.9319797158241272,24.10030745491764
262,262,0.9662437,23.971228335230485,0.0001,0.9340101480484008,24.006915368404485
263,263,0.964467,23.824660662346076,0.0001,0.9096446633338928,23.92194264213445
264,264,0.96751267,23.740209959001106,0.0001,0.934517741203308,23.774585927198377
265,265,0.9637056,23.664982527524685,0.0001,0.9284263849258424,23.701156875687808
266,266,0.96548223,23.57556445707525,0.0001,0.9401015043258668,23.60869013403878
267,267,0.9684010000000001,23.483267424917464,0.0001,0.934517741203308,23.52455019103694
268,268,0.96763957,23.40956670886974,0.0001,0.9299492239952089,23.4597128156478
269,269,0.97043145,23.32137893057111,0.0001,0.9365482330322266,23.370645937459727
270,270,0.9639594000000001,23.253040271120025,0.0001,0.9395939111709596,23.271328330645105
271,271,0.9705584,23.15415624240933,0.0001,0.930964469909668,23.21721091294652
272,272,0.9677665000000001,23.08218130121376,0.0001,0.9385786652565002,23.113187749252702
273,273,0.96954316,22.994013723383087,0.0001,0.92436546087265,23.08438327615031
274,274,0.96573603,22.92769393727259,0.0001,0.9355329871177672,22.95881520576284
275,275,0.9661166999999999,22.848738200773443,0.0001,0.9218274354934692,22.92415000412065
276,276,0.9663706,22.766267046468517,0.0001,0.9096446633338928,22.879953345671524
277,277,0.97005075,22.67937688101367,0.0001,0.9279187917709352,22.749970380908948
278,278,0.9687816999999999,22.603035273285688,0.0001,0.9269035458564758,22.658757909784466
279,279,0.9662437,22.529761650356544,0.0001,0.9324873089790344,22.58772437197303
280,280,0.96586293,22.45566331698809,0.0001,0.9279187917709352,22.508044160562118
281,281,0.96535534,22.377990205638906,0.0001,0.9365482330322266,22.409351902685795
282,282,0.9635787,22.30768841583717,0.0001,0.92081218957901,22.376040254389572
283,283,0.9667513000000001,22.223300945456263,0.0001,0.9319797158241272,22.279126298003998
284,284,0.96269035,22.15501005879513,0.0001,0.913705587387085,22.265537701524455
285,285,0.9638325000000001,22.075176963225235,0.0001,0.938071072101593,22.105007868732894
286,286,0.9635787,21.999918566863553,0.0001,0.9269035458564758,22.062311887014946
287,287,0.9685279,21.917916655177393,0.0001,0.9461929202079772,21.948505515858606
288,288,0.9717005,21.8337389544182,0.0001,0.9299492239952089,21.888767060410558
289,289,0.97296953,21.755492856175767,0.0001,0.9197969436645508,21.861859097940663
290,290,0.9711929,21.684789208349237,0.0001,0.8857868313789368,21.928953873687593
291,291,0.9687816999999999,21.619882715293,0.0001,0.9335025548934937,21.66980505231673
292,292,0.97258884,21.535227712640907,0.0001,0.9314720630645752,21.612209839022103
293,293,0.9663706,21.476294398428827,0.0001,0.934517741203308,21.518733072038838
294,294,0.97005075,21.39594425259508,0.0001,0.9269035458564758,21.482828951608106
295,295,0.9714466999999999,21.32117898234256,0.0001,0.938071072101593,21.368627377815045
296,296,0.9715735999999999,21.25173887262489,0.0001,0.9299492239952089,21.317766797603085
297,297,0.96928936,21.179656585460997,0.0001,0.9116751551628112,21.289387266284926
298,298,0.97030455,21.10766025485121,0.0001,0.934517741203308,21.16308067244321
299,299,0.9733502,21.03337247819465,0.0001,0.92081218957901,21.12916788401337
300,300,0.9690354999999999,20.96768305628433,0.0001,0.9436548352241516,20.997457113120767
301,301,0.9678934000000001,20.898406891411327,0.0001,0.9162436723709106,20.997342040938168
302,302,0.960533,20.851114071686254,0.0001,0.8862944245338441,21.055429721967823
303,303,0.9667513000000001,20.761358493475747,0.0001,0.9284263849258424,20.823172364985282
304,304,0.9709390999999999,20.68322802509753,0.0001,0.9319797158241272,20.76027522401761
305,305,0.95824873,20.64930938488336,0.0001,0.9416243433952332,20.651813528380423
306,306,0.97246194,20.5418439990978,0.0001,0.9340101480484008,20.597830380280005
307,307,0.9717005,20.472996062070585,0.0001,0.941116750240326,20.520038786757414
308,308,0.9717005,20.405385119055733,0.0001,0.9360405802726746,20.454034402527785
309,309,0.97208124,20.337695740443195,0.0001,0.9258882999420166,20.423810660657548
310,310,0.96928936,20.274007657820803,0.0001,0.9263959527015686,20.35699362585387
311,311,0.97309643,20.20009483105035,0.0001,0.9406091570854188,20.25218902820258
312,312,0.9743655000000001,20.13252165934761,0.0001,0.944670021533966,20.17927380479532
313,313,0.97005075,20.07008006875285,0.0001,0.9142131805419922,20.18759707339524
314,314,0.97309643,19.996473463416702,0.0001,0.9365482330322266,20.04933210072784
315,315,0.97246194,19.930980271857397,0.0001,0.92081218957901,20.038015892299907
316,316,0.97017765,19.871885967738734,0.0001,0.9406091570854188,19.9155668965451
317,317,0.97258884,19.803575600948427,0.0001,0.9081218242645264,19.94718187012648
318,318,0.9714466999999999,19.73409205983738,0.0001,0.930964469909668,19.806515057558943
319,319,0.9732233,19.667991889914887,0.0001,0.9395939111709596,19.714903141157283
320,320,0.9737309999999999,19.603495236701768,0.0001,0.9355329871177672,19.664598565658334
321,321,0.97461927,19.536112813417077,0.0001,0.9416243433952332,19.59113487011285
322,322,0.9686548,19.481545478317337,0.0001,0.9071065783500672,19.61477748657846
323,323,0.97233504,19.40865372207564,0.0001,0.9492385983467102,19.45567976665981
324,324,0.9718273999999999,19.349668725492986,0.0001,0.9467005133628844,19.38959425330767
325,325,0.96738577,19.29588367442794,0.0001,0.9365482330322266,19.349152172882548
326,326,0.9705584,19.223521564696647,0.0001,0.944670021533966,19.267770066237084
327,327,0.9677665000000001,19.165810371050373,0.0001,0.9269035458564758,19.244594254469508
328,328,0.9705584,19.09736468319965,0.0001,0.9355329871177672,19.150650386519846
329,329,0.96548223,19.044662599515192,0.0001,0.9421319961547852,19.085069571170713
330,330,0.9713198000000001,18.971986238121378,0.0001,0.9426395893096924,19.016538945309406
331,331,0.97208124,18.90650084635933,0.0001,0.9431471824645996,18.9660709923294
332,332,0.96928936,18.852825044738463,0.0001,0.9274111390113832,18.93062782868516
333,333,0.9689085999999999,18.794377031665164,0.0001,0.9314720630645752,18.86646859222257
334,334,0.97030455,18.73129726158181,0.0001,0.938071072101593,18.782329505107125
335,335,0.96916246,18.668870081635298,0.0001,0.9370558261871338,18.730454864114677
336,336,0.9719542999999999,18.60150494454476,0.0001,0.9299492239952089,18.68364039193555
337,337,0.97220814,18.542757475799714,0.0001,0.8964467048645021,18.7303488833045
338,338,0.9672589,18.49287979397072,0.0001,0.93502539396286,18.538551692672183
339,339,0.9743655000000001,18.413937219145332,0.0001,0.9253807067871094,18.499990321900032
340,340,0.9719542999999999,18.36053931918846,0.0001,0.9340101480484008,18.44134805747095
341,341,0.96992385,18.306115126246727,0.0001,0.941116750240326,18.35108206502072
342,342,0.9744924,18.23637032871924,0.0001,0.9335025548934937,18.324614725258144
343,343,0.9761421,18.176864215444187,0.0001,0.9406091570854188,18.24254842651677
344,344,0.9719542999999999,18.122961057866284,0.0001,0.9390863180160522,18.18549564574576
345,345,0.97639596,18.057320253013962,0.0001,0.9111675024032592,18.19778643767846
346,346,0.9659898000000001,18.017550436494318,0.0001,0.93502539396286,18.08621581605243
347,347,0.9719542999999999,17.950738966888586,0.0001,0.913705587387085,18.07769141802328
348,348,0.9756345,17.88430114591182,0.0001,0.9299492239952089,17.961051416155048
349,349,0.9678934000000001,17.843220965390273,0.0001,0.9335025548934937,17.903244103756045
350,350,0.97030455,17.786607368585422,0.0001,0.9284263849258424,17.853253870930164
351,351,0.9686548,17.731661739446185,0.0001,0.9360405802726746,17.779223712204676
352,352,0.97309643,17.65699046372157,0.0001,0.934517741203308,17.7332622586168
353,353,0.97309643,17.605826928772906,0.0001,0.9355329871177672,17.668930890233387
354,354,0.9757614,17.544022024706535,0.0001,0.948223352432251,17.600030428503977
355,355,0.97258884,17.494298598003873,0.0001,0.9304568767547609,17.586726414249632
356,356,0.971066,17.438269250162968,0.0001,0.9355329871177672,17.50662511254325
357,357,0.97664976,17.372687009627445,0.0001,0.93502539396286,17.455888527419965
358,358,0.9755075999999999,17.320125397812898,0.0001,0.8568527698516846,17.60149631597064
359,359,0.9371826999999999,17.371880458696243,0.0001,0.9370558261871338,17.336213277439175
360,360,0.96967006,17.223410775818802,0.0001,0.9335025548934937,17.299711345537062
361,361,0.976269,17.154766760501765,0.0001,0.9375634789466858,17.224416047304413
362,362,0.9678934000000001,17.11629083313918,0.0001,0.944670021533966,17.158801248230912
363,363,0.971066,17.053462287012092,0.0001,0.9395939111709596,17.104266787301466
364,364,0.97296953,16.996213117105707,0.0001,0.941116750240326,17.060294119355646
365,365,0.9752538000000001,16.939428650909267,0.0001,0.9284263849258424,17.03852810932295
366,366,0.9690354999999999,16.895544807317894,0.0001,0.9421319961547852,16.94482708655033
367,367,0.97258884,16.839955813025462,0.0001,0.9416243433952332,16.894299556519176
368,368,0.9733502,16.78238321681918,0.0001,0.9401015043258668,16.84801686669364
369,369,0.97258884,16.732772763247418,0.0001,0.9370558261871338,16.793953853936365
370,370,0.9744924,16.675681953623815,0.0001,0.9416243433952332,16.751991539195107
371,371,0.97652286,16.618713593846046,0.0001,0.924873113632202,16.717600734342778
372,372,0.9732233,16.574883638178633,0.0001,0.9401015043258668,16.641348282092718
373,373,0.96573603,16.5382360119505,0.0001,0.9421319961547852,16.579102125990815
374,374,0.97677666,16.463224378092036,0.0001,0.938071072101593,16.533911727285627
375,375,0.9757614,16.415419856424865,0.0001,0.9314720630645752,16.495031893192813
376,376,0.97030455,16.367506263461813,0.0001,0.9426395893096924,16.426231099627344
377,377,0.975,16.311243502621725,0.0001,0.9086294174194336,16.468906205075648
378,378,0.97271574,16.2659757875549,0.0001,0.9197969436645508,16.377964567775052
379,379,0.9739848,16.210523301332735,0.0001,0.9319797158241272,16.287247228864487
380,380,0.9733502,16.161397672546695,0.0001,0.9401015043258668,16.229255052750485
381,381,0.9733502,16.109895921116554,0.0001,0.938071072101593,16.17908232635653
382,382,0.9739848,16.060335346163832,0.0001,0.9335025548934937,16.144815642458536
383,383,0.97639596,16.003771430465775,0.0001,0.9142131805419922,16.140366255087294
384,384,0.97271574,15.96339093900574,0.0001,0.9238578677177428,16.06713540711379
385,385,0.9736041,15.914846354450669,0.0001,0.9401015043258668,15.980018160669935
386,386,0.97017765,15.866503501543539,0.0001,0.9269035458564758,15.958813237417774
387,387,0.9777918999999999,15.806050917339807,0.0001,0.9218274354934692,15.935985475143198
388,388,0.9733502,15.764475367396011,0.0001,0.9385786652565002,15.829663269894985
389,389,0.9719542999999999,15.723124517644116,0.0001,0.9431471824645996,15.770191440485457
390,390,0.9755075999999999,15.65998476483495,0.0001,0.9238578677177428,15.764251133875193
391,391,0.96573603,15.637598511168196,0.0001,0.9436548352241516,15.67578749777702
392,392,0.9739848,15.566589779539154,0.0001,0.944670021533966,15.633587862392368
393,393,0.9790609,15.519714250903444,0.0001,0.9233502745628356,15.632925272714065
394,394,0.976269,15.46886079081424,0.0001,0.9441624283790588,15.539877313526757
395,395,0.9761421,15.425731089635551,0.0001,0.903553307056427,15.610696254284857
396,396,0.975,15.375137213886086,0.0001,0.9192893505096436,15.506128957913006
397,397,0.97017765,15.340055798758106,0.0001,0.9335025548934937,15.425710711019294
398,398,0.9755075999999999,15.281983092835713,0.0001,0.9192893505096436,15.407936167838006
399,399,0.9744924,15.239037006397538,0.0001,0.8999999761581421,15.4260606785111
400,400,0.9739848,15.195357405957838,0.0001,0.9324873089790344,15.28087161785455
401,401,0.97309643,15.143758542404564,0.0001,0.9253807067871094,15.268595350817375
402,402,0.97639596,15.094459211281713,0.0001,0.941116750240326,15.15858477674765
403,403,0.97652286,15.046733223000151,0.0001,0.9360405802726746,15.118468144218328
404,404,0.97233504,15.013411914999715,0.0001,0.9370558261871338,15.084156274553482
405,405,0.96954316,14.970412673562913,0.0001,0.9416243433952332,15.032707876602403
406,406,0.9732233,14.912510550445713,0.0001,0.9299492239952089,15.000512299319816
407,407,0.97728425,14.865861792975874,0.0001,0.9416243433952332,14.947286619389725
408,408,0.97296953,14.824832017772696,0.0001,0.9279187917709352,14.92193753489383
409,409,0.97043145,14.788663675337277,0.0001,0.9370558261871338,14.856234943564168
410,410,0.9738578999999999,14.736318527260408,0.0001,0.9385786652565002,14.804453484782107
411,411,0.9752538000000001,14.687283429760619,0.0001,0.9274111390113832,14.792725614363773
412,412,0.9685279,14.658161262086198,0.0001,0.944670021533966,14.700505915995176
413,413,0.9713198000000001,14.612829651808374,0.0001,0.9355329871177672,14.6791093448697
414,414,0.9756345,14.552620670880158,0.0001,0.9355329871177672,14.637120702908124
415,415,0.97677666,14.509010733202631,0.0001,0.938071072101593,14.592431090688946
416,416,0.9758882999999999,14.465598503345161,0.0001,0.9421319961547852,14.54408373760088
417,417,0.9757614,14.423345928869875,0.0001,0.92081218957901,14.55403721901366
418,418,0.97246194,14.38675266014138,0.0001,0.938071072101593,14.451697042629805
419,419,0.975,14.335685398857,0.0001,0.9126903414726256,14.486092269239087
420,420,0.9752538000000001,14.29476133820974,0.0001,0.9304568767547609,14.385724263263835
421,421,0.9685279,14.260672987536125,0.0001,0.9522842764854432,14.316292861512471
422,422,0.9743655000000001,14.20991618839012,0.0001,0.9314720630645752,14.319466289771993
423,423,0.978934,14.161213503029142,0.0001,0.941116750240326,14.240290540123956
424,424,0.9758882999999999,14.11721103300298,0.0001,0.9441624283790588,14.185646046478734
425,425,0.97005075,14.093378161899937,0.0001,0.8771573901176453,14.334278349706967
426,426,0.9715735999999999,14.04710480162335,0.0001,0.9355329871177672,14.121344839376846
427,427,0.9738578999999999,14.000619840863994,0.0001,0.9279187917709352,14.102434517526385
428,428,0.9736041,13.956979799996779,0.0001,0.9233502745628356,14.072246754835101
429,429,0.97639596,13.91131452860566,0.0001,0.9436548352241516,13.977157436893675
430,430,0.97753805,13.865513350394776,0.0001,0.9416243433952332,13.944334757267521
431,431,0.9757614,13.831917541039171,0.0001,0.9187816977500916,13.95613202032099
432,432,0.9681472,13.846011562637873,0.0001,0.9192893505096436,13.951415716452043
433,433,0.9741117,13.794316934692073,0.0001,0.93502539396286,13.871997367549064
434,434,0.97639596,13.746269544611122,0.0001,0.9441624283790588,13.823772706356143
435,435,0.9742386000000001,13.708755481545696,0.0001,0.9416243433952332,13.77967020412387
436,436,0.9743655000000001,13.669768585166349,0.0001,0.9385786652565002,13.755038348551329
437,437,0.97956854,13.618958566152505,0.0001,0.9390863180160522,13.697406616791856
438,438,0.9758882999999999,13.582231968913586,0.0001,0.924873113632202,13.700818711488983
439,439,0.97753805,13.543460383148966,0.0001,0.8786802291870117,13.773529911525356
